NumThreads, mean, std-dev, min, max, median
65536, 0.430362,0.0118004,0.412032,0.442016,0.438304
131072, 0.664589,0.00345912,0.659936,0.6704,0.663488
262144, 2.65578,0.0147014,2.62957,2.67126,2.66019
524288, 5.13433,0.024001,5.1049,5.17712,5.12758
1048576, 10.1193,0.0538092,10.0772,10.2192,10.0882
