NumThreads, mean, std-dev, min, max, median
65536, 0.207424,0.00390185,0.2048,0.215136,0.205376
131072, 0.279834,0.00231361,0.278528,0.284448,0.278624
262144, 0.406502,0.00468952,0.403552,0.41584,0.404128
524288, 2.1022,0.00878881,2.09334,2.11558,2.0992
1048576, 3.99558,0.0102311,3.9849,4.01408,3.99155
