NumThreads, mean, std-dev, min, max, median
65536, 6.22625,0.055334,6.16899,6.33037,6.21523
131072, 12.1232,0.0817824,12.069,12.2845,12.0791
262144, 24.3173,0.0711935,24.2307,24.4367,24.3147
524288, 48.8049,0.370116,48.2372,49.2646,48.7511
1048576, 97.4751,0.193005,97.2599,97.7232,97.4253
