NumThreads, mean, std-dev, min, max, median
65536, 0.242214,0.00667295,0.238016,0.255488,0.23888
131072, 0.349651,0.0073477,0.344256,0.364128,0.346304
262144, 2.61409,0.0132389,2.59517,2.63232,2.61869
524288, 5.14241,0.0161079,5.1241,5.16906,5.14048
1048576, 10.0746,0.0118236,10.0607,10.0903,10.068
