NumThreads, mean, std-dev, min, max, median
65536, 2.80963,0.0633596,2.71155,2.8809,2.80358
131072, 5.57897,0.0696064,5.47677,5.68074,5.58899
262144, 10.567,0.0417881,10.5267,10.6216,10.5396
524288, 20.5597,0.124146,20.3973,20.712,20.5701
1048576, 39.8619,0.164798,39.6151,40.0427,39.8886
