NumThreads, mean, std-dev, min, max, median
65536, 0.410611,0.0206083,0.372384,0.428896,0.4136
131072, 0.542394,0.101864,0.423936,0.70112,0.529952
262144, 3.0611,0.212892,2.8081,3.37136,2.94874
524288, 6.95536,0.233694,6.77069,7.41174,6.87366
1048576, 14.6429,0.739061,14.1557,16.1101,14.3428
