NumThreads, mean, std-dev, min, max, median
65536, 5.89453,0.00619849,5.88835,5.90637,5.89197
131072, 11.5776,0.0113749,11.5692,11.5998,11.5722
262144, 22.9114,0.00992071,22.8977,22.9282,22.911
524288, 45.5963,0.0127716,45.5803,45.6151,45.5904
1048576, 90.9415,0.00947042,90.9312,90.9567,90.9438
