NumThreads, mean, std-dev, min, max, median
65536, 0.426848,0.00602454,0.422976,0.438848,0.42416
131072, 2.85916,0.0127052,2.83994,2.8751,2.85696
262144, 5.58389,0.0470128,5.5032,5.64838,5.59046
524288, 11.0866,0.239151,10.7218,11.4217,11.0695
1048576, 22.2212,0.654787,21.2152,23.0146,22.2331
