NumThreads, mean, std-dev, min, max, median
65536, 0.277222,0.0037171,0.273248,0.283616,0.27536
131072, 0.420858,0.00623159,0.415424,0.431808,0.41792
262144, 3.03166,0.0252862,2.99008,3.06141,3.03718
524288, 5.89696,0.0579952,5.79318,5.964,5.92045
1048576, 11.5695,0.0795006,11.4417,11.6613,11.5876
