NumThreads, mean, std-dev, min, max, median
65536, 5.00624,0.00670078,5.00077,5.0176,5.00144
131072, 9.7497,0.00617434,9.7415,9.76038,9.74784
262144, 19.1617,0.00652793,19.1542,19.1729,19.1618
524288, 37.9442,0.0307471,37.8956,37.9924,37.943
1048576, 75.5061,0.0187515,75.4926,75.5428,75.4973
