NumThreads, mean, std-dev, min, max, median
65536, 2.76403,0.00855229,2.75456,2.77709,2.76061
131072, 5.30894,0.0592545,5.2152,5.38682,5.29811
262144, 10.3362,0.1668,10.0438,10.5073,10.3973
524288, 20.4929,0.357366,19.8501,20.82,20.636
1048576, 40.7732,0.842462,39.3453,41.8468,40.9516
