NumThreads, mean, std-dev, min, max, median
65536, 6.15947,0.103807,6.06688,6.35494,6.1472
131072, 11.7167,0.151555,11.5623,11.9571,11.6186
262144, 22.5359,0.120637,22.3046,22.6329,22.6046
524288, 43.7346,0.0594743,43.6518,43.8078,43.7163
1048576, 84.7084,0.164256,84.5297,84.9764,84.7204
