NumThreads, mean, std-dev, min, max, median
65536, 0.657491,0.249114,0.51632,1.1553,0.53456
131072, 3.47551,0.387521,3.19242,4.23827,3.27392
262144, 7.21496,0.690469,6.79597,8.59354,6.88646
524288, 14.702,1.078,13.9486,16.8449,14.2511
1048576, 30.5837,1.80986,29.547,34.1952,29.7103
