NumThreads, mean, std-dev, min, max, median
65536, 4.63703,0.357547,4.1943,5.24298,4.6417
131072, 8.31071,0.0933559,8.19405,8.47667,8.27994
262144, 16.2087,0.219729,15.9012,16.5214,16.1575
524288, 31.9691,0.367805,31.4883,32.5489,31.9222
1048576, 60.4683,0.110811,60.3484,60.672,60.4462
