NumThreads, mean, std-dev, min, max, median
65536, 3.55087,0.0128359,3.53654,3.5704,3.55526
131072, 6.84941,0.0166069,6.8255,6.86899,6.8567
262144, 13.4838,0.0192882,13.4595,13.5046,13.4946
524288, 26.777,0.0672558,26.7004,26.886,26.7508
1048576, 53.2234,0.0789596,53.0957,53.3114,53.2541
