NumThreads, mean, std-dev, min, max, median
65536, 0.269389,0.00538828,0.261984,0.278528,0.269312
131072, 0.592275,0.00725237,0.583872,0.605024,0.590368
262144, 2.67014,0.300472,2.46784,3.26618,2.53075
524288, 7.07869,0.0381477,7.01098,7.11507,7.08173
1048576, 14.1997,0.0493716,14.1456,14.2689,14.1808
