NumThreads, mean, std-dev, min, max, median
65536, 2.09923,0.00564367,2.09302,2.10829,2.09715
131072, 4.31057,0.00955707,4.29846,4.32278,4.31133
262144, 8.4407,0.0207243,8.4231,8.48096,8.43302
524288, 16.6749,0.0196643,16.6397,16.6994,16.6806
1048576, 33.0887,0.0166319,33.0665,33.1169,33.085
