NumThreads, mean, std-dev, min, max, median
65536, 4.90875,0.00303164,4.90448,4.91242,4.90794
131072, 9.59189,0.0059256,9.58669,9.60266,9.58877
262144, 18.9242,0.00348197,18.9184,18.9278,18.9242
524288, 37.6136,0.0985042,37.5528,37.8102,37.5682
1048576, 74.887,0.0103917,74.8745,74.9041,74.8836
