NumThreads, mean, std-dev, min, max, median
65536, 0.364928,0.0411016,0.338272,0.446688,0.344064
131072, 0.971494,0.307401,0.782144,1.58515,0.831488
262144, 4.07387,0.350259,3.85798,4.77306,3.916
524288, 8.56904,0.751538,8.10886,10.0688,8.20848
1048576, 18.2687,1.16266,17.4219,20.5749,17.8007
