NumThreads, mean, std-dev, min, max, median
65536, 2.77852,0.0190486,2.748,2.80298,2.77674
131072, 5.38033,0.0569809,5.28384,5.45974,5.38608
262144, 10.263,0.115955,10.0347,10.3465,10.3219
524288, 20.6089,0.41061,19.8696,21.1187,20.6583
1048576, 41.3461,1.05684,39.5184,42.732,41.4969
