NumThreads, mean, std-dev, min, max, median
65536, 5.04781,0.0357078,5.00938,5.13651,5.03251
131072, 9.80187,0.0131721,9.7584,9.83341,9.80314
262144, 19.4129,0.0329278,19.2798,19.4524,19.4155
524288, 38.6185,0.0703705,38.2989,38.7071,38.6262
1048576, 77.0076,0.159983,76.3228,77.3027,77.0173
