NumThreads, mean, std-dev, min, max, median
65536, 0.356986,0.0366791,0.321536,0.423936,0.338912
131072, 0.548934,0.0673534,0.48608,0.674496,0.542368
262144, 3.07447,0.147617,2.94224,3.35546,3.03309
524288, 6.93574,0.342602,6.69296,7.60371,6.75744
1048576, 14.2954,1.11475,13.4738,16.413,13.6598
