NumThreads, mean, std-dev, min, max, median
65536, 0.424691,0.00609012,0.418048,0.436192,0.423328
131072, 2.86127,0.0129441,2.83853,2.87366,2.8672
262144, 5.62383,0.0543402,5.54454,5.7103,5.62394
524288, 11.1264,0.19475,10.8423,11.4074,11.0981
1048576, 22.1121,0.493557,21.461,22.814,21.9992
