NumThreads, mean, std-dev, min, max, median
65536, 1.66728,0.0516435,1.59098,1.72544,1.65046
131072, 3.75914,0.064351,3.63315,3.81354,3.7847
262144, 7.71095,0.0411886,7.64621,7.76675,7.7089
524288, 15.135,0.101838,14.9702,15.2866,15.153
1048576, 29.7827,0.135726,29.6615,30.0307,29.737
