NumThreads, mean, std-dev, min, max, median
65536, 6.56237,0.308756,6.31648,7.16893,6.42131
131072, 13.3317,0.972836,12.4164,14.9388,12.8897
262144, 27.3159,1.35819,25.6799,29.7523,27.1185
524288, 53.9622,1.3818,52.5071,56.4285,53.3622
1048576, 103.292,3.55295,98.7517,108.486,103.809
