NumThreads, mean, std-dev, min, max, median
65536, 4.9945,0.00407156,4.99101,5.00214,4.99302
131072, 9.74815,0.0118547,9.73562,9.7681,9.74234
262144, 19.2017,0.0118923,19.1859,19.2207,19.1985
524288, 38.1911,0.0183998,38.1642,38.2112,38.1926
1048576, 76.0795,0.0333974,76.0155,76.1084,76.0864
