NumThreads, mean, std-dev, min, max, median
65536, 1.78646,0.0728787,1.68598,1.88525,1.77325
131072, 4.26522,0.0732042,4.17587,4.38147,4.25542
262144, 8.27862,0.0562489,8.20371,8.3497,8.27942
524288, 16.0301,0.136337,15.9032,16.2727,15.9977
1048576, 31.5537,0.130511,31.3778,31.7372,31.539
