NumThreads, mean, std-dev, min, max, median
65536, 6.51732,0.343472,6.30634,7.19958,6.33168
131072, 12.9916,0.588709,12.6051,14.1517,12.716
262144, 26.2363,1.1906,25.5078,28.6106,25.6977
524288, 52.6713,1.82703,51.542,56.3131,51.8615
1048576, 104.911,4.15273,99.852,112.409,103.608
