NumThreads, mean, std-dev, min, max, median
65536, 0.276083,0.00446822,0.27248,0.284608,0.274048
131072, 0.425184,0.0116864,0.41184,0.444288,0.422336
262144, 3.04388,0.00687597,3.03555,3.05648,3.04214
524288, 5.95684,0.0176313,5.93718,5.98221,5.94986
1048576, 11.7862,0.0281681,11.7412,11.8292,11.7839
