NumThreads, mean, std-dev, min, max, median
65536, 1.64728,0.0329613,1.60803,1.70086,1.64003
131072, 3.63448,0.0769693,3.57786,3.78675,3.6048
262144, 7.4014,0.128897,7.20346,7.58144,7.40944
524288, 13.8419,0.120402,13.6178,13.9704,13.8648
1048576, 28.4006,0.346188,27.9281,28.9176,28.4521
