NumThreads, mean, std-dev, min, max, median
65536, 3.64996,0.00126654,3.64784,3.65126,3.64995
131072, 7.05051,0.0192978,7.02669,7.08563,7.04512
262144, 13.834,0.0120173,13.8141,13.8515,13.8354
524288, 27.4332,0.0531875,27.343,27.4955,27.4439
1048576, 54.4148,0.242503,54.1716,54.7949,54.3484
