NumThreads, mean, std-dev, min, max, median
65536, 1.51578,0.00504739,1.50723,1.52157,1.51718
131072, 2.83103,0.00579745,2.8207,2.8384,2.83238
262144, 5.39517,0.0104129,5.38198,5.41238,5.39616
524288, 10.5364,0.0168259,10.516,10.5612,10.537
1048576, 20.8475,0.0145246,20.8237,20.8613,20.8532
