NumThreads, mean, std-dev, min, max, median
65536, 0.241178,0.000603228,0.240416,0.242048,0.241248
131072, 0.442157,0.0204871,0.420096,0.468992,0.430464
262144, 3.19683,0.0853469,3.13984,3.36672,3.16211
524288, 6.42036,0.0188939,6.39763,6.44886,6.42678
1048576, 12.7213,0.0614971,12.6329,12.8041,12.7263
