NumThreads, mean, std-dev, min, max, median
65536, 0.424678,0.000843586,0.423488,0.425632,0.424608
131072, 0.691846,0.00562336,0.684992,0.700384,0.6896
262144, 
524288, 
1048576, 
