NumThreads, mean, std-dev, min, max, median
65536, 1.7364,0.021017,1.71411,1.8105,1.7303
131072, 3.55136,0.0628262,3.48624,3.80518,3.53664
262144, 7.50703,0.061438,7.40563,7.64758,7.50182
524288, 13.8824,0.185869,13.6612,14.6555,13.8551
1048576, 28.8236,0.327865,28.4112,30.0809,28.7318
