NumThreads, mean, std-dev, min, max, median
65536, 5.02212,0.0038966,5.01766,5.02794,5.02022
131072, 9.79974,0.0108409,9.7849,9.81626,9.80269
262144, 19.3439,0.0598595,19.2246,19.3828,19.371
524288, 38.4636,0.159942,38.1541,38.611,38.5311
1048576, 76.6676,0.369025,75.94,76.9227,76.8338
