NumThreads, mean, std-dev, min, max, median
65536, 0.47913,0.00694846,0.475136,0.492992,0.475904
131072, 2.77382,0.0217249,2.75296,2.80886,2.7608
262144, 6.20045,0.226501,5.79376,6.38976,6.33446
524288, 12.5799,0.556301,11.5022,12.9548,12.9292
1048576, 24.5468,1.12203,22.3202,25.2084,25.1644
