NumThreads, mean, std-dev, min, max, median
65536, 0.526144,0.0481891,0.490048,0.619136,0.501792
131072, 3.30185,0.238348,2.97354,3.67002,3.21203
262144, 6.89418,0.354902,6.3233,7.39178,6.89478
524288, 14.1689,0.516864,13.7015,15.0258,13.8813
1048576, 28.3047,1.42156,26.7058,30.8601,28.153
