NumThreads, mean, std-dev, min, max, median
65536, 1.8881,0.0137751,1.86778,1.90272,1.89424
131072, 3.97327,0.0260746,3.92355,3.99853,3.9801
262144, 7.70403,0.0238542,7.67578,7.73344,7.69168
524288, 15.2736,0.0290389,15.2267,15.3079,15.2669
1048576, 30.2202,0.0629608,30.1247,30.3133,30.2199
