NumThreads, mean, std-dev, min, max, median
65536, 1.60856,0.0220377,1.57456,1.64048,1.61197
131072, 3.36235,0.203392,3.1768,3.75443,3.29341
262144, 5.90795,0.26947,5.7153,6.43882,5.7872
524288, 10.8026,0.278378,10.5484,11.3357,10.6876
1048576, 20.7434,0.264178,20.517,21.2561,20.6198
