NumThreads, mean, std-dev, min, max, median
65536, 0.602063,0.00666986,0.590144,0.622496,0.601696
131072, 0.681181,0.00656694,0.672672,0.704736,0.679808
262144, 3.06764,0.0188679,3.00829,3.09853,3.07174
524288, 6.65717,0.139952,6.04074,6.7895,6.69523
1048576, 13.8186,0.282709,12.5688,14.1375,13.8684
