NumThreads, mean, std-dev, min, max, median
65536, 0.604376,0.0163599,0.581632,0.639072,0.599008
131072, 0.659808,0.00536232,0.6512,0.672256,0.65776
262144, 2.56016,0.0218253,2.52714,2.63891,2.55386
524288, 6.02015,0.146961,5.44829,6.17677,6.05594
1048576, 12.5006,0.310503,11.137,12.8121,12.5547
