NumThreads, mean, std-dev, min, max, median
65536, 3.57694,0.0115373,3.5664,3.59805,3.57555
131072, 6.93343,0.0105005,6.92208,6.95302,6.93002
262144, 13.6668,0.01397,13.6523,13.692,13.6643
524288, 27.1381,0.0137052,27.1288,27.1654,27.1323
1048576, 54.0658,0.0121429,54.0514,54.0877,54.0648
