NumThreads, mean, std-dev, min, max, median
65536, 3.02424,0.0602311,2.94093,3.12707,3.0208
131072, 6.10719,0.169281,5.96086,6.43901,6.04557
262144, 10.7595,0.182647,10.598,11.1145,10.6913
524288, 20.2535,0.170811,20.1174,20.5909,20.1874
1048576, 39.4979,0.183223,39.3666,39.8558,39.4015
