NumThreads, mean, std-dev, min, max, median
65536, 0.420838,0.00444661,0.41792,0.429664,0.419104
131072, 2.85958,0.00647781,2.85002,2.86957,2.85798
262144, 5.59159,0.00868818,5.5791,5.60598,5.59104
524288, 11.0553,0.0315166,11.0191,11.1022,11.0469
1048576, 22.8015,0.0422807,22.7575,22.8803,22.7878
