NumThreads, mean, std-dev, min, max, median
65536, 3.7921,0.0474915,3.75078,3.88438,3.77827
131072, 7.33529,0.131643,7.08157,7.46496,7.37725
262144, 14.953,0.167661,14.7827,15.2535,14.9172
524288, 30.2962,0.328009,29.9028,30.8491,30.1814
1048576, 60.81,0.304219,60.5497,61.3019,60.6006
