NumThreads, mean, std-dev, min, max, median
65536, 3.94511,0.222228,3.82282,4.38925,3.84189
131072, 7.96105,0.59921,7.45859,9.10746,7.70899
262144, 16.2075,1.02549,15.014,17.8486,16.0074
524288, 32.6956,1.60514,31.2682,35.7979,32.1398
1048576, 65.6996,2.3657,62.5684,69.8324,65.2063
