NumThreads, mean, std-dev, min, max, median
65536, 5.0037,0.00456394,4.99715,5.00995,5.00326
131072, 9.75883,0.0112114,9.74698,9.77949,9.75818
262144, 19.2728,0.0217693,19.2361,19.3024,19.2742
524288, 38.3433,0.0498854,38.2482,38.3845,38.3651
1048576, 76.4282,0.125045,76.1919,76.5491,76.4742
