NumThreads, mean, std-dev, min, max, median
65536, 0.641523,0.16998,0.520352,0.975104,0.577984
131072, 3.49647,0.337204,3.29318,4.16963,3.34634
262144, 7.25746,0.530264,6.90685,8.30874,6.99411
524288, 14.9266,0.831545,14.3852,16.5626,14.4467
1048576, 30.7152,1.42241,29.7526,33.5478,30.0967
