NumThreads, mean, std-dev, min, max, median
65536, 0.276762,0.00118313,0.275104,0.278528,0.27648
131072, 0.413338,0.00143071,0.410912,0.415392,0.413376
262144, 2.97046,0.0183267,2.95392,3.0049,2.96099
524288, 5.77217,0.00703872,5.75933,5.77958,5.7727
1048576, 11.3753,0.0175934,11.3582,11.4073,11.3747
