NumThreads, mean, std-dev, min, max, median
65536, 2.06996,0.0110426,2.05005,2.08179,2.0745
131072, 4.23702,0.00809984,4.22707,4.25002,4.23683
262144, 8.28948,0.0131822,8.26749,8.30346,8.2881
524288, 16.3845,0.0061997,16.3769,16.3941,16.3833
1048576, 32.5736,0.00615616,32.5672,32.5829,32.5724
