NumThreads, mean, std-dev, min, max, median
65536, 2.76433,0.00708441,2.75645,2.7768,2.76214
131072, 5.2173,0.00897007,5.20282,5.22784,5.22195
262144, 10.0494,0.0117667,10.0291,10.0659,10.0511
524288, 19.8904,0.0303873,19.841,19.9283,19.8875
1048576, 39.5299,0.0867412,39.4687,39.7005,39.5039
