NumThreads, mean, std-dev, min, max, median
65536, 3.2708,0.0960669,3.1167,3.60224,3.2855
131072, 6.45063,0.0563738,6.31978,6.56237,6.44874
262144, 11.7584,0.158199,11.5524,12.1679,11.7547
524288, 24.1157,0.435137,22.1392,24.5465,24.1951
1048576, 48.4357,1.17939,42.8053,49.2585,48.5858
