NumThreads, mean, std-dev, min, max, median
65536, 5.91836,0.00532263,5.91053,5.92707,5.91872
131072, 11.6049,0.0066948,11.5986,11.6175,11.6031
262144, 23.0137,0.0151772,22.999,23.0405,23.0112
524288, 45.8019,0.0215686,45.774,45.8207,45.8176
1048576, 91.3976,0.0644169,91.3493,91.5251,91.3716
