NumThreads, mean, std-dev, min, max, median
65536, 2.21736,0.081213,2.11389,2.32016,2.21779
131072, 4.6942,0.0776924,4.57933,4.81914,4.67859
262144, 9.02138,0.076635,8.89082,9.08326,9.07674
524288, 17.3959,0.162277,17.1737,17.6248,17.3732
1048576, 34.3345,0.277278,33.8903,34.6509,34.4841
