NumThreads, mean, std-dev, min, max, median
65536, 0.523731,0.0468322,0.480992,0.603328,0.493568
131072, 3.20095,0.258026,2.90192,3.6247,3.09888
262144, 6.71824,0.423307,6.2231,7.48045,6.57715
524288, 14.2439,0.505446,13.652,15.148,14.2152
1048576, 28.4689,0.980743,27.4393,30.3206,28.1881
