NumThreads, mean, std-dev, min, max, median
65536, 0.419322,0.000654679,0.418208,0.419904,0.419712
131072, 2.80111,0.0103493,2.78787,2.81226,2.80346
262144, 5.43752,0.00625924,5.42685,5.44384,5.44003
524288, 10.6774,0.00761836,10.6661,10.6853,10.6804
1048576, 21.1672,0.0104552,21.1498,21.1784,21.1661
