NumThreads, mean, std-dev, min, max, median
65536, 0.240173,0.0042218,0.235168,0.248,0.239264
131072, 0.35383,0.0143102,0.343744,0.38112,0.344896
262144, 2.25234,0.133457,2.15245,2.51078,2.20077
524288, 5.39332,0.089481,5.22797,5.4864,5.41664
1048576, 10.8177,0.122534,10.6007,10.9527,10.8562
