NumThreads, mean, std-dev, min, max, median
65536, 5.88533,0.0164166,5.85728,5.90643,5.89085
131072, 11.5479,0.0648298,11.4565,11.6492,11.5551
262144, 22.8164,0.0452269,22.7565,22.8806,22.8315
524288, 45.3798,0.0706603,45.3066,45.4696,45.3366
1048576, 90.4551,0.0683796,90.3614,90.5293,90.4955
