NumThreads, mean, std-dev, min, max, median
65536, 0.284358,0.00110692,0.282464,0.28592,0.284384
131072, 0.660717,0.0128924,0.643168,0.683104,0.659456
262144, 3.33332,0.0089098,3.32566,3.34941,3.32963
524288, 6.75528,0.0129898,6.73254,6.7727,6.75629
1048576, 13.4565,0.0222962,13.4308,13.4851,13.456
