NumThreads, mean, std-dev, min, max, median
65536, 0.279085,0.00203401,0.27584,0.281568,0.279424
131072, 0.649114,0.0206475,0.628992,0.686848,0.645504
262144, 3.57642,0.0139974,3.56358,3.60358,3.57232
524288, 7.06086,0.0346017,7.01149,7.11792,7.05232
1048576, 13.9786,0.0823346,13.8496,14.1066,13.9772
