NumThreads, mean, std-dev, min, max, median
65536, 0.289357,0.0128483,0.276256,0.307744,0.284096
131072, 0.432845,0.00779031,0.41824,0.439616,0.436448
262144, 3.05212,0.0151657,3.03229,3.06995,3.05578
524288, 5.97094,0.0535757,5.87936,6.02477,5.99453
1048576, 11.7384,0.0820843,11.6035,11.8231,11.7637
