NumThreads, mean, std-dev, min, max, median
65536, 0.423219,0.000966716,0.42176,0.424256,0.423488
131072, 0.692064,0.00233165,0.689504,0.69584,0.692416
262144, 3.0577,0.0156557,3.03363,3.07405,3.06406
524288, 6.61661,0.386756,5.84496,6.8519,6.80915
1048576, 13.517,0.992045,11.5814,14.2252,13.9244
