NumThreads, mean, std-dev, min, max, median
65536, 0.304627,0.00809464,0.299936,0.3208,0.300736
131072, 1.02992,0.0179937,1.00426,1.05072,1.03213
262144, 3.49293,0.307308,3.03907,3.74432,3.7359
524288, 7.45117,0.169929,7.27258,7.66573,7.39968
1048576, 15.3715,0.132703,15.2122,15.5926,15.3868
