NumThreads, mean, std-dev, min, max, median
65536, 3.24086,0.0818298,3.1895,3.40336,3.19888
131072, 6.4898,0.083323,6.3776,6.5985,6.5119
262144, 11.8777,0.409617,11.5947,12.6892,11.6801
524288, 24.1202,0.0477825,24.0421,24.1806,24.1291
1048576, 47.2573,2.09531,43.1089,48.6373,48.3635
