NumThreads, mean, std-dev, min, max, median
65536, 0.66055,0.00514793,0.652928,0.673792,0.659456
131072, 2.76182,0.0271699,2.7208,2.83846,2.75901
262144, 6.3397,0.0681535,6.07517,6.46144,6.33677
524288, 13.1143,0.142262,12.5136,13.3256,13.1422
1048576, 25.3698,0.148399,25.0797,25.6148,25.3889
