NumThreads, mean, std-dev, min, max, median
65536, 6.50742,0.40325,6.26454,7.30819,6.28435
131072, 12.961,0.801658,12.4485,14.5551,12.5606
262144, 26.2644,1.32479,25.3645,28.9003,25.7277
524288, 52.7053,2.20853,51.2788,57.0942,51.812
1048576, 105.895,3.92007,102.567,113.565,104.389
