NumThreads, mean, std-dev, min, max, median
65536, 1.97669,0.00963063,1.96214,2.00733,1.97549
131072, 4.39088,0.0338745,4.32262,4.45619,4.38685
262144, 8.73834,0.045559,8.63683,8.81498,8.72717
524288, 16.6971,0.128136,16.3655,16.911,16.7124
1048576, 33.0994,0.18557,32.3516,33.4421,33.105
