NumThreads, mean, std-dev, min, max, median
65536, 2.50365,0.316232,2.23181,3.11574,2.37725
131072, 5.58801,0.69234,5.18947,6.96947,5.2865
262144, 11.4833,1.25794,10.7767,13.9959,10.8479
524288, 23.7025,1.8647,22.4113,27.3838,22.9503
1048576, 48.3741,3.2903,46.5761,54.9442,46.6902
