NumThreads, mean, std-dev, min, max, median
65536, 2.15542,0.116346,2.0656,2.38282,2.09344
131072, 5.53121,0.335284,5.15686,6.12352,5.3881
262144, 11.1357,0.702494,10.2236,12.2919,10.8583
524288, 23.6879,1.17334,22.1122,24.9407,24.4357
1048576, 47.5443,1.90961,45.4206,50.6286,47.3715
