NumThreads, mean, std-dev, min, max, median
65536, 0.38185,0.0139244,0.37472,0.409696,0.374816
131072, 1.52671,0.00902881,1.51523,1.5377,1.52406
262144, 2.87741,0.00944146,2.86925,2.89587,2.87344
524288, 5.51961,0.0027003,5.51526,5.52227,5.52118
1048576, 10.8248,0.00555585,10.8196,10.8348,10.8216
