NumThreads, mean, std-dev, min, max, median
65536, 2.48157,0.266847,2.26496,2.99434,2.3992
131072, 5.64889,0.556009,5.29987,6.75773,5.40419
262144, 11.7448,0.862051,11.1665,13.453,11.3357
524288, 23.8112,1.44878,23.0172,26.7075,23.1015
1048576, 48.5496,2.51343,46.7232,53.5231,47.3808
