NumThreads, mean, std-dev, min, max, median
65536, 0.477574,0.00448642,0.472576,0.483136,0.477184
131072, 2.7895,0.024251,2.74678,2.81584,2.79296
262144, 5.64034,0.165554,5.53485,5.96992,5.564
524288, 10.8695,0.224501,10.7518,11.3184,10.7604
1048576, 21.2811,0.158644,21.1669,21.5962,21.2156
