NumThreads, mean, std-dev, min, max, median
65536, 0.48487,0.178984,0.384192,0.8424,0.402816
131072, 2.92396,0.396252,2.65424,3.70067,2.72832
262144, 6.4579,0.628844,6.0721,7.71024,6.20749
524288, 13.2097,1.01198,12.5499,15.2144,12.7534
1048576, 27.2967,1.81562,26.1732,30.9064,26.3712
