NumThreads, mean, std-dev, min, max, median
65536, 0.504557,0.00348136,0.500992,0.509664,0.502848
131072, 2.39188,0.00303332,2.38675,2.39466,2.39382
262144, 5.97402,0.230388,5.63453,6.28736,5.90035
524288, 11.6905,0.176475,11.5404,11.9079,11.5575
1048576, 23.6445,0.0971273,23.5438,23.8053,23.5868
