NumThreads, mean, std-dev, min, max, median
65536, 0.241824,0.00744218,0.233728,0.2512,0.237376
131072, 0.347853,0.000261228,0.347552,0.34816,0.347776
262144, 2.47283,0.027351,2.42483,2.49626,2.49101
524288, 5.33208,0.00318153,5.32758,5.33594,5.33178
1048576, 10.9113,0.0106296,10.8963,10.9244,10.9129
