NumThreads, mean, std-dev, min, max, median
65536, 0.417971,0.00330575,0.412384,0.422688,0.417952
131072, 2.4443,0.0909849,2.36643,2.6192,2.40435
262144, 5.22123,0.0246635,5.17331,5.24144,5.23293
524288, 10.4184,0.0464281,10.3665,10.5053,10.4091
1048576, 20.3528,0.0836191,20.1995,20.4534,20.3652
