NumThreads, mean, std-dev, min, max, median
65536, 2.17814,0.154685,2.06541,2.47843,2.10342
131072, 5.2728,0.382156,4.95699,6.00582,5.18806
262144, 10.6877,0.772584,9.90413,12.1225,10.5371
524288, 23.652,0.945582,22.5502,24.9444,23.679
1048576, 45.6378,1.46226,44.642,48.5301,45.1341
