NumThreads, mean, std-dev, min, max, median
65536, 0.455034,0.00415484,0.452064,0.463136,0.452608
131072, 2.85715,0.00775175,2.84493,2.86925,2.85789
262144, 5.8055,0.0155048,5.7897,5.83466,5.8007
524288, 11.5781,0.0225152,11.5431,11.6119,11.579
1048576, 23.1551,0.0229281,23.1288,23.1934,23.1492
