NumThreads, mean, std-dev, min, max, median
65536, 0.359085,0.0358839,0.324704,0.428032,0.348384
131072, 0.658381,0.236901,0.5264,1.13152,0.540128
262144, 3.6554,0.349087,3.38826,4.34653,3.5161
524288, 7.86657,0.594957,7.52861,9.05552,7.5817
1048576, 16.8922,0.883703,16.2101,18.6386,16.5067
