NumThreads, mean, std-dev, min, max, median
65536, 0.417773,0.00443722,0.414304,0.425984,0.415072
131072, 0.664678,0.00363762,0.658656,0.669152,0.665728
262144, 2.58443,0.0530608,2.52582,2.67715,2.57638
524288, 5.8987,0.355012,5.19846,6.15773,6.04128
1048576, 12.3102,1.04985,10.2599,13.1455,12.5806
