NumThreads, mean, std-dev, min, max, median
65536, 0.237645,0.00153714,0.235392,0.240192,0.23744
131072, 0.354368,0.00794624,0.346272,0.366016,0.352192
262144, 2.32008,0.156733,2.1687,2.58797,2.2537
524288, 5.26865,0.0854318,5.14166,5.37152,5.2903
1048576, 10.6439,0.182588,10.307,10.8361,10.6936
