NumThreads, mean, std-dev, min, max, median
65536, 6.5922,0.372623,6.27555,7.296,6.40758
131072, 12.9909,0.942304,12.3767,14.831,12.4374
262144, 26.6915,1.49382,25.2172,29.3679,25.9047
524288, 51.9698,3.11528,48.6769,57.2297,51.3137
1048576, 100.434,4.56722,96.1334,109.176,98.533
