NumThreads, mean, std-dev, min, max, median
65536, 0.42464,0.010808,0.411296,0.438592,0.42544
131072, 0.662419,0.00331941,0.656384,0.665632,0.663776
262144, 
524288, 
1048576, 
