NumThreads, mean, std-dev, min, max, median
65536, 1.52724,0.0103688,1.50915,1.53869,1.52941
131072, 2.86273,0.0319392,2.80166,2.89219,2.8713
262144, 5.45517,0.112143,5.27168,5.58554,5.48384
524288, 10.6588,0.241774,10.2683,10.9579,10.703
1048576, 21.117,0.582365,20.234,21.9189,21.2107
