NumThreads, mean, std-dev, min, max, median
65536, 2.6352,0.00890034,2.62534,2.65152,2.63366
131072, 5.00485,0.00416056,5.00106,5.01146,5.00253
262144, 9.77174,0.0117538,9.75882,9.78944,9.77328
524288, 19.2774,0.00602761,19.2679,19.286,19.2778
1048576, 38.3478,0.0982321,38.2908,38.544,38.3013
