NumThreads, mean, std-dev, min, max, median
65536, 0.267706,0.000465662,0.266848,0.268096,0.267936
131072, 0.389594,0.0112871,0.381952,0.411776,0.384384
262144, 1.72419,0.00665893,1.71629,1.73526,1.72442
524288, 3.23521,0.0102567,3.22115,3.24704,3.23584
1048576, 6.2539,0.00169749,6.25082,6.25578,6.25466
