NumThreads, mean, std-dev, min, max, median
65536, 5.00502,0.0132287,4.98816,5.02893,5.00294
131072, 9.75891,0.0177374,9.72893,9.78342,9.76147
262144, 19.2893,0.0292953,19.2333,19.3125,19.3025
524288, 38.3506,0.0586658,38.2403,38.4076,38.376
1048576, 76.4161,0.112657,76.2,76.5174,76.4485
