NumThreads, mean, std-dev, min, max, median
65536, 0.253056,0.00658202,0.2464,0.264544,0.250016
131072, 0.423194,0.00479476,0.415104,0.429824,0.42448
262144, 2.80954,0.0145372,2.79142,2.82803,2.81581
524288, 6.05923,0.00671208,6.05075,6.0679,6.05805
1048576, 12.0792,0.0132034,12.0605,12.0975,12.081
