NumThreads, mean, std-dev, min, max, median
65536, 4.05842,0.329663,3.85258,4.71101,3.88736
131072, 8.19745,0.528483,7.87251,9.24707,7.95056
262144, 16.7116,1.0401,15.958,18.7593,16.1601
524288, 33.7502,1.72297,32.7193,37.1905,32.9176
1048576, 67.7339,3.20973,65.6423,74.1206,66.2592
