NumThreads, mean, std-dev, min, max, median
65536, 0.404563,0.0320377,0.381888,0.468256,0.391104
131072, 2.66933,0.214802,2.53338,3.09382,2.55402
262144, 6.15363,0.337223,5.61558,6.65485,6.22435
524288, 12.9688,0.375534,12.5194,13.5721,12.9668
1048576, 25.8865,1.02832,24.7162,27.681,25.8109
