NumThreads, mean, std-dev, min, max, median
65536, 0.346534,0.0408683,0.314624,0.425088,0.330272
131072, 0.672525,0.28163,0.512,1.23539,0.540672
262144, 3.55196,0.448939,3.27501,4.44758,3.34467
524288, 7.63231,0.839541,7.06813,9.29002,7.24432
1048576, 16.3989,1.42137,15.5788,19.2383,15.7056
