NumThreads, mean, std-dev, min, max, median
65536, 0.383251,0.0418643,0.342624,0.46288,0.370976
131072, 0.682982,0.094735,0.585728,0.85648,0.661504
262144, 3.51668,0.1923,3.23507,3.7407,3.45658
524288, 7.61133,0.488731,7.08486,8.43005,7.68106
1048576, 16.5187,0.640557,15.6897,17.4241,16.7633
