NumThreads, mean, std-dev, min, max, median
65536, 1.92982,0.00372935,1.92538,1.93472,1.93146
131072, 4.88549,0.10154,4.76176,5.00995,4.92934
262144, 10.1198,0.0643576,10.0364,10.199,10.1438
524288, 20.1923,0.07068,20.095,20.2765,20.1789
1048576, 40.8099,0.148922,40.629,40.9805,40.8165
