NumThreads, mean, std-dev, min, max, median
65536, 1.52455,0.0169212,1.50166,1.55347,1.52051
131072, 2.85903,0.029948,2.80003,2.88163,2.87162
262144, 5.45818,0.122179,5.24045,5.58419,5.4639
524288, 10.7371,0.286442,10.2533,11.0615,10.8257
1048576, 21.1611,0.562242,20.2285,21.8729,21.2915
