NumThreads, mean, std-dev, min, max, median
65536, 0.427341,0.0061995,0.42208,0.439264,0.42496
131072, 0.694272,0.00798429,0.682656,0.705408,0.697344
262144, 3.017,0.011619,3.00768,3.03926,3.01056
524288, 5.88573,0.0200448,5.8721,5.92554,5.87802
1048576, 11.5306,0.0302571,11.4954,11.5815,11.5282
