NumThreads, mean, std-dev, min, max, median
65536, 0.480659,0.00330314,0.476832,0.486432,0.4792
131072, 
262144, 
524288, 
1048576, 
