NumThreads, mean, std-dev, min, max, median
65536, 4.04602,0.340099,3.82179,4.71859,3.87658
131072, 8.12992,0.646056,7.7271,9.41677,7.81936
262144, 16.6383,1.25387,15.8556,19.1289,16.0921
524288, 33.7824,2.15655,32.2314,38.053,32.9042
1048576, 67.6925,3.60777,65.6794,74.8971,65.927
