NumThreads, mean, std-dev, min, max, median
65536, 3.93772,0.178667,3.82176,4.29088,3.84256
131072, 8.13173,0.561421,7.6776,9.22365,7.95398
262144, 16.9259,0.845949,15.8679,18.1084,17.0905
524288, 33.8366,1.68501,31.128,36.1367,33.5414
1048576, 64.7033,3.31309,61.0447,70.9509,63.8177
