NumThreads, mean, std-dev, min, max, median
65536, 1.44746,0.0164827,1.43667,1.47978,1.43773
131072, 2.71636,0.0121718,2.70336,2.73408,2.70938
262144, 5.17834,0.00805718,5.16925,5.1911,5.17651
524288, 10.1075,0.00573387,10.1013,10.1148,10.1063
1048576, 19.9907,0.00673458,19.9833,20.0028,19.9904
