NumThreads, mean, std-dev, min, max, median
65536, 0.618076,0.0131209,0.592896,0.643072,0.618496
131072, 0.963502,0.013834,0.933888,1.0025,0.96256
262144, 2.10227,0.0199446,2.03469,2.15347,2.10432
524288, 3.62026,0.0250665,3.56557,3.72122,3.61882
1048576, 6.50449,0.0309858,6.41741,6.56486,6.50547
