NumThreads, mean, std-dev, min, max, median
65536, 0.801536,0.00802567,0.781312,0.823296,0.800768
131072, 1.79291,0.0119373,1.77152,1.83706,1.792
262144, 3.56302,0.017094,3.52768,3.61779,3.56045
524288, 7.07449,0.0616096,6.88845,7.20179,7.08813
1048576, 13.9489,0.0830385,13.7359,14.1281,13.9561
