NumThreads, mean, std-dev, min, max, median
65536, 0.374876,0.0148216,0.357376,0.493568,0.372736
131072, 0.768195,0.0215958,0.70144,0.821248,0.766976
262144, 2.04212,0.0074529,2.02035,2.06234,2.04186
524288, 3.79496,0.0118155,3.76525,3.81747,3.79597
1048576, 7.26786,0.0498684,7.24378,7.75066,7.26118
