NumThreads, mean, std-dev, min, max, median
65536, 4.72216,0.0169531,4.68582,4.76672,4.72269
131072, 9.12906,0.0210195,9.0839,9.19757,9.12794
262144, 18.013,0.065252,17.8186,18.5201,18.0081
524288, 35.7156,0.0587552,35.3229,35.8717,35.7233
1048576, 71.0349,0.167794,70.0283,71.5981,71.0298
