NumThreads, mean, std-dev, min, max, median
65536, 0.626657,0.00885917,0.6144,0.658432,0.625664
131072, 1.23207,0.0240676,1.17658,1.29024,1.23392
262144, 2.33529,0.0251339,2.26714,2.4023,2.3337
524288, 4.2174,0.0302662,4.05914,4.29261,4.21888
1048576, 8.24455,0.071925,7.73427,8.36096,8.25242
