NumThreads, mean, std-dev, min, max, median
65536, 4.64889,0.00553064,4.6377,4.66637,4.64794
131072, 8.93145,0.00330633,8.92518,8.94054,8.93133
262144, 17.5758,0.00431899,17.5657,17.5872,17.5759
524288, 34.6516,0.0123876,34.6307,34.6706,34.6563
1048576, 68.8847,0.0205273,68.821,68.906,68.8916
