NumThreads, mean, std-dev, min, max, median
65536, 0.614369,0.0130715,0.587776,0.673792,0.612352
131072, 0.979354,0.0165191,0.944128,1.01786,0.975872
262144, 2.07605,0.0158471,2.0439,2.10842,2.07462
524288, 3.84759,0.0253034,3.77549,3.91578,3.84717
1048576, 7.20461,0.0630454,7.01952,7.39328,7.20589
