NumThreads, mean, std-dev, min, max, median
65536, 5.42056,0.0900947,5.32886,5.76512,5.40774
131072, 10.6881,0.127943,10.5216,11.1718,10.6568
262144, 20.9027,0.151102,20.5537,21.2603,20.8886
524288, 40.9254,0.100488,40.7286,41.1075,40.9293
1048576, 79.8734,0.329315,79.2361,80.7496,79.8045
