NumThreads, mean, std-dev, min, max, median
65536, 2.16644,0.0499194,2.06438,2.29274,2.15859
131072, 4.41231,0.077642,4.29568,4.58035,4.39808
262144, 8.6358,0.0886334,8.44288,8.87501,8.61901
524288, 16.4213,0.119788,16.2509,16.7711,16.4065
1048576, 31.6093,0.216687,31.2351,32.0082,31.5904
