NumThreads, mean, std-dev, min, max, median
65536, 1.66953,0.0562936,1.54829,1.85958,1.66605
131072, 3.55645,0.0588764,3.44781,3.76013,3.55942
262144, 7.12262,0.0777087,6.98368,7.34822,7.1209
524288, 13.5694,0.121589,13.3458,13.9182,13.5823
1048576, 26.0561,0.250583,25.6092,26.7284,26.0239
