NumThreads, mean, std-dev, min, max, median
65536, 1.70243,0.00781663,1.68346,1.71827,1.70291
131072, 3.39602,0.0132086,3.36589,3.43142,3.39661
262144, 6.77978,0.0921327,6.58227,6.95808,6.79936
524288, 13.731,0.105284,13.4124,14.1804,13.7472
1048576, 27.344,0.12301,27.051,27.5804,27.3654
