NumThreads, mean, std-dev, min, max, median
65536, 0.64556,0.0182331,0.611328,0.69632,0.64512
131072, 1.96366,0.0113977,1.93434,1.98656,1.96506
262144, 3.69437,0.0214701,3.64749,3.77242,3.69254
524288, 7.1989,0.0514542,6.96934,7.34413,7.1936
1048576, 14.2989,0.109925,13.7073,14.5172,14.3063
