NumThreads, mean, std-dev, min, max, median
65536, 2.91504,0.130024,2.73712,3.64954,2.87744
131072, 6.04585,0.453728,5.32173,7.94419,5.99245
262144, 11.292,1.15068,10.0741,15.6088,10.8483
524288, 20.7261,1.49406,19.4417,28.4846,20.0847
1048576, 39.9589,2.18597,38.3222,52.9029,39.0923
