NumThreads, mean, std-dev, min, max, median
65536, 1.66314,0.0202031,1.62406,1.70701,1.66502
131072, 3.03379,0.013963,3.00646,3.06688,3.03514
262144, 5.72041,0.0165877,5.67706,5.7641,5.72109
524288, 11.1638,0.0229879,11.0961,11.2056,11.1677
1048576, 21.9008,0.0278657,21.845,21.9965,21.9003
