NumThreads, mean, std-dev, min, max, median
65536, 1.71292,0.0118597,1.68346,1.74387,1.7111
131072, 3.25478,0.016767,3.21843,3.30547,3.2553
262144, 6.22631,0.0537433,6.1655,6.65702,6.21773
524288, 12.0667,0.0591626,11.8559,12.2481,12.0709
1048576, 23.7428,0.115355,23.1414,23.9933,23.7445
