NumThreads, mean, std-dev, min, max, median
65536, 4.71233,0.0111717,4.68992,4.74522,4.71142
131072, 9.13127,0.0202656,9.06752,9.17504,9.13203
262144, 17.9436,0.0551714,17.7879,18.3869,17.9466
524288, 35.394,0.0459614,35.2133,35.4796,35.4038
1048576, 70.2624,0.0812276,69.9576,70.7799,70.2618
