NumThreads, mean, std-dev, min, max, median
65536, 0.622449,0.00990692,0.598016,0.656384,0.620544
131072, 1.24256,0.0236015,1.19194,1.3015,1.24211
262144, 2.31452,0.042189,2.21798,2.40333,2.30707
524288, 3.98452,0.0271963,3.92806,4.14003,3.98131
1048576, 7.52754,0.0236812,7.4752,7.60525,7.52538
