NumThreads, mean, std-dev, min, max, median
65536, 0.355379,0.00743141,0.347136,0.377856,0.35328
131072, 0.531682,0.00786093,0.514048,0.550912,0.53248
262144, 1.85181,0.0296003,1.79917,1.95072,1.85037
524288, 3.3491,0.0180986,3.31366,3.41299,3.34643
1048576, 6.64955,0.0431877,6.53414,6.74918,6.64986
