NumThreads, mean, std-dev, min, max, median
65536, 1.71039,0.0137746,1.68448,1.73466,1.71213
131072, 3.26459,0.0159932,3.23174,3.30035,3.26554
262144, 6.22998,0.0318593,6.14298,6.3232,6.22899
524288, 12.0739,0.0686114,11.7494,12.2122,12.073
1048576, 23.749,0.133111,23.2028,24.2606,23.7332
