NumThreads, mean, std-dev, min, max, median
65536, 1.68696,0.0673011,1.59232,1.99987,1.66298
131072, 3.27595,0.319187,3.07098,5.12307,3.1703
262144, 6.24044,0.626468,5.78662,9.84678,6.05901
524288, 11.7206,1.08076,10.9998,17.6486,11.4289
1048576, 22.6272,2.03313,21.5235,36.7411,22.0764
