NumThreads, mean, std-dev, min, max, median
65536, 5.20069,0.0822316,5.12102,5.88595,5.18246
131072, 10.1248,0.294549,9.73926,12.1416,10.1847
262144, 19.5576,0.655469,18.9317,23.7599,19.3178
524288, 38.1911,1.14925,37.4661,46.2295,37.8143
1048576, 75.0319,1.87902,74.0598,89.6164,74.6086
