NumThreads, mean, std-dev, min, max, median
65536, 1.70482,0.0662754,1.65478,2.33882,1.69779
131072, 3.49599,0.202584,3.28294,5.23878,3.4816
262144, 6.73214,0.475057,6.13581,10.5134,6.68058
524288, 12.612,1.10202,11.5855,19.8697,12.2153
1048576, 24.0561,2.15271,22.7379,38.6857,23.2192
