NumThreads, mean, std-dev, min, max, median
65536, 0.369777,0.0300616,0.34816,0.543744,0.362496
131072, 0.76456,0.0155517,0.729088,0.807936,0.761856
262144, 2.0435,0.00794098,2.02342,2.07872,2.04288
524288, 3.80732,0.0127842,3.77754,3.84205,3.80723
1048576, 7.32399,0.0146995,7.296,7.37382,7.32365
