NumThreads, mean, std-dev, min, max, median
65536, 2.63785,0.0121873,2.61018,2.67469,2.63475
131072, 4.9376,0.0296392,4.85683,5.00326,4.93978
262144, 9.32245,0.030059,9.21293,9.38906,9.3225
524288, 18.1244,0.0603003,17.9272,18.5999,18.1176
1048576, 35.6389,0.0621949,35.3444,35.7591,35.6516
