NumThreads, mean, std-dev, min, max, median
65536, 2.9344,0.0818558,2.86925,3.67923,2.92454
131072, 5.81653,0.22693,5.63507,7.90938,5.79584
262144, 11.0882,0.625674,10.3936,15.5791,11.1073
524288, 21.2365,1.2113,20.3121,29.7533,20.7708
1048576, 41.2706,2.20642,39.937,57.47,40.6364
