NumThreads, mean, std-dev, min, max, median
65536, 1.59098,0.00890314,1.56774,1.6087,1.59027
131072, 3.20762,0.0261228,3.1447,3.39456,3.20614
262144, 6.30057,0.032873,6.17882,6.3744,6.3017
524288, 12.6189,0.100302,12.3494,13.2096,12.6157
1048576, 25.5228,0.188142,24.6907,25.8939,25.5601
