NumThreads, mean, std-dev, min, max, median
65536, 4.71958,0.0130439,4.69504,4.78413,4.72064
131072, 9.15785,0.0216886,9.1095,9.20269,9.16173
262144, 18.0741,0.0404762,17.8278,18.1514,18.0797
524288, 35.8579,0.0909007,35.2717,36.351,35.8584
1048576, 
