NumThreads, mean, std-dev, min, max, median
65536, 0.344627,0.00537649,0.338944,0.364544,0.342016
131072, 0.483379,0.00493516,0.473088,0.494592,0.483328
262144, 1.65067,0.0134834,1.62611,1.68141,1.64966
524288, 3.13532,0.0158985,3.07814,3.16314,3.13958
1048576, 6.08091,0.0816893,5.89312,6.65907,6.09277
