NumThreads, mean, std-dev, min, max, median
65536, 0.408729,0.0141441,0.39936,0.4864,0.40448
131072, 0.761876,0.0198207,0.7168,0.816128,0.758784
262144, 2.03802,0.00832834,2.02035,2.06029,2.03776
524288, 3.83065,0.0131381,3.78982,3.86355,3.83078
1048576, 7.42777,0.0482048,7.27347,7.5008,7.44038
