NumThreads, mean, std-dev, min, max, median
65536, 2.58805,0.0121704,2.55386,2.61939,2.5897
131072, 4.9086,0.0166528,4.87834,4.95002,4.90598
262144, 9.55035,0.0419174,9.27846,9.6256,9.55392
524288, 18.9157,0.0983748,18.2641,19.1099,18.942
1048576, 37.5133,0.213159,36.224,37.8399,37.547
