NumThreads, mean, std-dev, min, max, median
65536, 1.70214,0.020492,1.63738,1.75514,1.70189
131072, 3.14531,0.0556382,3.09043,3.63622,3.13856
262144, 5.96436,0.0325124,5.89517,6.07846,5.96173
524288, 11.5901,0.0565826,11.476,12.0453,11.5855
1048576, 22.8551,0.077396,22.7338,23.4004,22.8485
