NumThreads, mean, std-dev, min, max, median
65536, 0.487629,0.0707923,0.408576,0.648192,0.463872
131072, 0.680141,0.110147,0.58368,0.9984,0.635904
262144, 1.85488,0.345811,1.67322,3.77856,1.75002
524288, 3.58752,0.796526,3.20512,8.20326,3.36998
1048576, 0,0,-------------------> Ran longer than 300
