NumThreads, mean, std-dev, min, max, median
65536, 2.63464,0.01235,2.6112,2.66957,2.6327
131072, 5.11316,0.0227646,5.06368,5.17632,5.11078
262144, 10.0052,0.0595304,9.6215,10.2021,10.0065
524288, 19.9038,0.138884,19.0484,20.4923,19.9096
1048576, 
