NumThreads, mean, std-dev, min, max, median
65536, 0.387021,0.00942807,0.375808,0.457728,0.385024
131072, 0.484188,0.00779818,0.473088,0.550912,0.483328
262144, 1.67477,0.00764302,1.64966,1.69574,1.67424
524288, 3.08224,0.0132662,3.05766,3.11808,3.08019
1048576, 5.87951,0.00867116,5.86342,5.89824,5.87878
