NumThreads, mean, std-dev, min, max, median
65536, 2.15566,0.0132246,2.1248,2.18624,2.15654
131072, 3.98478,0.0442619,3.90451,4.08166,3.97312
262144, 7.84788,0.0233635,7.77933,7.89709,7.85101
524288, 15.323,0.0437244,15.2259,15.4532,15.3201
1048576, 30.7866,0.15096,30.38,31.5013,30.7896
