NumThreads, mean, std-dev, min, max, median
65536, 4.87975,0.0290678,4.81382,4.97664,4.87322
131072, 9.37647,0.041835,9.28461,9.47507,9.37165
262144, 18.3832,0.0455376,18.2651,18.5006,18.3859
524288, 36.4377,0.0703812,36.2691,36.6172,36.439
1048576, 72.5133,0.123613,72.2463,72.919,72.5125
