NumThreads, mean, std-dev, min, max, median
65536, 2.74241,0.0156836,2.70848,2.7904,2.74125
131072, 5.15058,0.016034,5.11488,5.18963,5.14765
262144, 9.91516,0.0217617,9.86317,9.97581,9.91334
524288, 19.5843,0.0579169,19.4826,20.0489,19.5799
1048576, 38.7499,0.0445157,38.5905,38.9018,38.7533
