NumThreads, mean, std-dev, min, max, median
65536, 0.376474,0.0559671,0.359424,0.923648,0.36864
131072, 0.775127,0.0149609,0.741376,0.809984,0.77312
262144, 2.05073,0.0116602,2.02547,2.07667,2.0521
524288, 3.82621,0.0130434,3.78675,3.86867,3.82976
1048576, 7.43055,0.0560977,7.27962,7.51514,7.44858
