NumThreads, mean, std-dev, min, max, median
65536, 0.550943,0.0484577,0.523264,1.02502,0.545792
131072, 1.88107,0.0106997,1.85958,1.91386,1.88006
262144, 3.52289,0.0159953,3.48672,3.55738,3.52154
524288, 6.76159,0.0508552,6.72051,7.24173,6.75738
1048576, 13.1977,0.0172703,13.1584,13.2311,13.1994
