NumThreads, mean, std-dev, min, max, median
65536, 1.43576,0.00345093,1.42848,1.44998,1.43565
131072, 2.67256,0.0046711,2.66445,2.68595,2.67162
262144, 4.89921,0.00417844,4.89062,4.91725,4.89882
524288, 9.43048,0.00731027,9.41773,9.44845,9.42797
1048576, 18.4831,0.0500584,18.4709,18.9798,18.4781
