NumThreads, mean, std-dev, min, max, median
65536, 4.71845,0.0120737,4.69094,4.75136,4.71757
131072, 9.04248,0.0157159,9.00301,9.0839,9.04192
262144, 17.6448,0.0327039,17.5155,17.705,17.6476
524288, 34.7901,0.0389833,34.6829,34.8826,34.7986
1048576, 69.0001,0.0597333,68.8067,69.2091,69.0002
