NumThreads, mean, std-dev, min, max, median
65536, 4.88668,0.0184099,4.84966,4.9408,4.88448
131072, 9.40675,0.0207046,9.35526,9.45664,9.40339
262144, 18.4664,0.0537177,18.3296,18.9174,18.4617
524288, 36.6946,0.043874,36.5568,36.7944,36.7002
1048576, 72.8618,0.0626369,72.6272,72.9917,72.8607
