NumThreads, mean, std-dev, min, max, median
65536, 0.344597,0.0054426,0.336896,0.371712,0.344064
131072, 0.49152,0.00735714,0.478208,0.533504,0.490496
262144, 1.66229,0.0083342,1.64762,1.69165,1.66195
524288, 3.12442,0.0170929,3.07405,3.15494,3.12934
1048576, 6.08549,0.0770426,5.89005,6.17574,6.10816
