NumThreads, mean, std-dev, min, max, median
65536, 0.685772,0.00771391,0.6656,0.736256,0.685056
131072, 1.90957,0.0127031,1.88314,1.94355,1.90976
262144, 3.68997,0.012048,3.66387,3.72531,3.69152
524288, 7.05671,0.0176252,7.02157,7.10349,7.05638
1048576, 13.8153,0.0246197,13.7667,13.8967,13.8138
