NumThreads, mean, std-dev, min, max, median
65536, 1.1276,0.0435351,1.02298,1.24826,1.13152
131072, 2.60875,0.0683862,2.46477,2.78835,2.60506
262144, 5.62565,0.079733,5.46918,5.98426,5.62278
524288, 11.1037,0.12416,10.8554,11.5538,11.0879
1048576, 21.7271,0.230547,21.25,22.2935,21.7016
