NumThreads, mean, std-dev, min, max, median
65536, 5.25185,0.103935,5.15379,6.13581,5.23776
131072, 10.2627,0.260783,9.88774,12.2296,10.2625
262144, 19.7393,0.663946,19.0351,23.4854,19.5308
524288, 38.488,1.2676,37.5828,46.505,38.0242
1048576, 75.5824,2.05218,74.3946,90.3188,74.9978
