AllocationRange (in Byte), mean, std-dev, min, max, median
4-4,0.0092288,0.000982228,264.323,288.805,0.009216
4-8,0.0105779,0.00270286,107.153,213.394,0.010112
4-16,0.010848,0.0029558,150.754,226.777,0.01024
4-32,
4-64,
4-128,
4-256,
4-512,
4-1024,
4-2048,
4-4096,
4-8192,