AllocationRange (in Byte), mean, std-dev, min, max, median
4-4,0.0066064,0.00198264,168.524,213.164,0.006176
4-8,
4-16,0.0082448,0.00311181,81.9522,148.245,0.007648
4-32,
4-64,
4-128,
4-256,
4-512,
4-1024,
4-2048,
4-4096,0.00,0.00,0.00,0.00,0.00,-------------------> Ran longer than 120000
4-8192,0.00,0.00,0.00,0.00,0.00,-------------------> Ran longer than 120000